Year,Player,Age,Team,G,GS,Minutes,PER,TS%,3PAr,FTr,ORB%,DRB%,TRB%,AST%,STL%,BLK%,TOV%,USG%,OWS,DWS,WS,WS/48,OBPM,DBPM,BPM,VORP
2022-2023,Mikal Bridges,26,PHO,56,56,2040,14.8,0.574,0.342,0.228,3,10.4,6.6,14.1,1.6,2,8.5,19.2,2.7,2.2,4.9,0.116,0.4,0.6,1,1.6
2022-2023,Mikal Bridges,26,BRK,27,27,923,21.3,0.607,0.36,0.356,2.9,11.7,7.4,12.9,1.4,1.5,7.8,30.3,1.7,0.8,2.5,0.133,4,-0.8,3.3,1.2
2022-2023,Anthony Edwards,21,MIN,79,79,2842,17.4,0.564,0.375,0.274,1.9,15.9,9,19.3,2.1,1.8,13,29.9,0.2,3.6,3.8,0.064,1,0,1,2.1
2022-2023,Zach LaVine,27,CHI,77,77,2768,19,0.607,0.392,0.308,1.7,12.2,7.1,18.7,1.2,0.6,11,28.3,4.2,2.9,7.1,0.123,2.7,-0.7,1.9,2.7
2022-2023,Nikola Vucevic,32,CHI,82,82,2746,19.1,0.594,0.302,0.138,6.7,30.2,18.6,14.6,1.1,2,10.2,21.9,3.9,4.4,8.3,0.145,1.9,0.7,2.7,3.2
2022-2023,Julius Randle,28,NYK,77,77,2737,20.3,0.581,0.444,0.371,5.6,25.2,15.4,18.5,0.9,0.7,11.5,29.5,5,3.1,8.1,0.142,3.9,-0.2,3.7,3.9
2022-2023,Domantas Sabonis,26,SAC,79,79,2736,23.5,0.668,0.088,0.467,10.6,30,20.3,30.4,1.1,1.2,16.9,21.3,9.6,3,12.6,0.221,4.1,1.8,5.8,5.4
2022-2023,Jayson Tatum,24,BOS,74,74,2732,23.7,0.607,0.44,0.399,3.2,22.5,13,20.9,1.4,1.6,10.4,32.7,6.2,4.3,10.5,0.185,4.8,0.7,5.5,5.1
2022-2023,Spencer Dinwiddie,29,DAL,53,53,1808,16.1,0.599,0.491,0.298,1.2,9.4,5.2,23.8,1.1,0.8,10.3,21.9,3.3,1,4.3,0.114,2,-1.2,0.9,1.3
2022-2023,Spencer Dinwiddie,29,BRK,26,26,917,15.8,0.523,0.419,0.346,1.1,11.7,6.6,36.5,1.5,0.7,11.8,22.5,1.2,0.8,2,0.103,0.7,-0.5,0.2,0.5
2022-2023,Evan Mobley,21,CLE,79,79,2715,17.9,0.591,0.108,0.321,8.1,22.7,15.4,12.4,1.1,4,11.9,20.2,3.7,4.8,8.5,0.151,0,1.6,1.7,2.5
2022-2023,Dejounte Murray,26,ATL,74,74,2693,17,0.54,0.293,0.144,2.1,13.8,7.9,24,2,0.6,10.2,24.4,2.4,2.3,4.7,0.084,1.1,0,1,2.1
2022-2023,DeMar DeRozan,33,CHI,74,74,2682,20.6,0.592,0.109,0.401,1.5,12.8,7.2,22.3,1.5,1.3,9.1,27.8,5.4,3.2,8.5,0.153,1.7,0.3,2,2.6
2022-2023,Scottie Barnes,21,TOR,77,76,2678,15.5,0.524,0.22,0.242,7.1,15.2,10.8,20,1.5,2.2,12,20.3,2.3,2.7,5,0.09,0.5,-0.1,0.4,1.6
2022-2023,Harrison Barnes,30,SAC,82,82,2662,14.1,0.632,0.446,0.522,3.8,11.9,7.9,6.3,1,0.3,8.1,17.1,5.1,1.4,6.5,0.118,0.5,-1.5,-1,0.7
2022-2023,Pascal Siakam,28,TOR,71,71,2652,20.3,0.565,0.219,0.361,5.2,19.6,11.9,24.9,1.2,1.3,10,27.2,5.2,2.6,7.8,0.141,3.3,-0.1,3.1,3.4
2022-2023,CJ McCollum,31,NOP,75,75,2649,15.6,0.541,0.404,0.177,2.4,11.7,7,25.1,1.3,1.4,11.2,26.4,1.5,2.8,4.3,0.078,1.5,-0.7,0.8,1.9
2022-2023,Franz Wagner,21,ORL,80,80,2609,15.9,0.589,0.322,0.288,3,11.2,7.1,17.2,1.4,0.6,11.7,23.5,3.1,2.3,5.4,0.099,0.4,-0.5,-0.1,1.3
2022-2023,Jalen Green,20,HOU,76,76,2602,14.5,0.538,0.408,0.341,1.8,10.3,6,17.3,1.1,0.7,11.3,28.1,1.4,0.5,1.8,0.034,0.5,-2.6,-2.1,0
2022-2023,Bam Adebayo,25,MIA,75,75,2598,20.1,0.592,0.011,0.361,8,23.6,15.5,15.9,1.7,2.4,12.7,25.2,3.6,3.8,7.4,0.137,0.8,0.8,1.5,2.3
2022-2023,Trae Young,24,ATL,73,73,2541,22,0.573,0.331,0.46,2.4,7,4.7,42.5,1.5,0.3,15.2,32.6,5.3,1.4,6.7,0.126,5.3,-2,3.3,3.4
2022-2023,Fred VanVleet,28,TOR,69,69,2535,17,0.54,0.545,0.254,1.2,12,6.3,28.1,2.4,1.5,10.2,23.2,3.7,2.8,6.5,0.123,2,0.5,2.5,2.9
2022-2023,Buddy Hield,30,IND,80,73,2482,15.4,0.614,0.652,0.124,3,14.9,8.9,13.3,1.8,0.9,11.3,20.8,2.7,1.6,4.4,0.085,2.5,-0.6,1.9,2.4
2022-2023,RJ Barrett,22,NYK,73,73,2475,12.9,0.531,0.332,0.333,2.7,13.7,8.2,12.4,0.6,0.6,10.8,26.2,0.5,1.8,2.2,0.043,-1.2,-1.9,-3.1,-0.7
2022-2023,Jordan Poole,23,GSW,82,43,2458,14.6,0.573,0.498,0.325,1.5,8.5,5,22.5,1.2,0.8,14.7,29.2,1.4,1.9,3.2,0.063,-0.1,-1.8,-1.9,0.1
2022-2023,Josh Hart,27,POR,51,51,1704,12.7,0.586,0.309,0.328,6.4,21.9,14.1,16,1.5,0.5,16,12.6,2,1.2,3.2,0.091,-0.9,0.7,-0.2,0.8
2022-2023,Josh Hart,27,NYK,25,1,750,17.1,0.703,0.331,0.363,6.9,19,12.9,16.2,2.2,1.5,17.3,12.6,1.8,1,2.8,0.179,1.4,2,3.4,1
2022-2023,Jabari Smith Jr.,19,HOU,79,79,2451,11.2,0.514,0.438,0.231,5.4,20.3,12.7,5.9,0.9,3,9.6,18.4,0.5,1.4,1.9,0.037,-2.3,-1.3,-3.7,-1.1
2022-2023,Trey Murphy III,22,NOP,79,65,2448,15.2,0.65,0.621,0.238,2.7,10.3,6.5,6.4,1.8,1.7,6.5,16.6,4.8,2.8,7.6,0.15,1.4,0.4,1.8,2.3
2022-2023,Darius Garland,23,CLE,69,69,2447,18.8,0.587,0.365,0.284,1.3,7.6,4.5,34.1,1.7,0.3,13.5,26.9,4.5,3,7.6,0.148,3.2,-0.7,2.4,2.7
2022-2023,Tobias Harris,30,PHI,74,74,2436,14.8,0.602,0.383,0.153,3.3,17,10.3,11.4,1.4,1.5,9,18.2,3.1,2.8,5.9,0.116,0.6,0.1,0.7,1.7
2022-2023,De'Aaron Fox,25,SAC,73,73,2435,21.8,0.599,0.276,0.331,1.9,12.4,7.2,29.6,1.6,0.8,10.6,30.1,5.5,1.8,7.4,0.146,3.4,-0.9,2.5,2.7
2022-2023,Donovan Mitchell,26,CLE,68,68,2432,22.9,0.614,0.453,0.262,3.1,10.9,7,21.4,2,1,10.3,32.1,5.4,3.5,8.9,0.176,5.6,0.6,6.3,5
2022-2023,Paolo Banchero,20,ORL,72,72,2430,14.9,0.529,0.254,0.476,3.9,19.3,11.6,17.2,1.2,1.5,12.8,27.5,-0.3,2.6,2.4,0.047,-0.7,-0.7,-1.5,0.3
2022-2023,Jaden McDaniels,22,MIN,79,79,2416,12,0.611,0.376,0.201,4.3,9.8,7.1,8.4,1.5,2.7,12.6,15.8,2,2.4,4.4,0.087,-1.7,0.5,-1.2,0.5
2022-2023,Shai Gilgeous-Alexander,24,OKC,68,68,2416,27.2,0.626,0.122,0.535,2.6,12.2,7.3,25.7,2.2,2.5,10.1,32.8,8.4,3,11.4,0.226,5.7,1.5,7.3,5.6
2022-2023,Royce O'Neale,29,BRK,76,53,2409,9.2,0.538,0.707,0.116,2.6,15,9,15.3,1.3,1.7,15.5,13.6,0.4,2.5,2.9,0.057,-1.7,0.6,-1.1,0.5
2022-2023,Jaylen Brown,26,BOS,67,67,2405,19.1,0.581,0.352,0.249,3.6,17,10.4,16.5,1.5,0.9,11.4,31.4,1.6,3.4,5,0.1,1.5,-0.2,1.3,2
2022-2023,Luka Doncic,23,DAL,66,66,2391,28.7,0.609,0.373,0.479,2.6,25.4,13.8,42.3,1.9,1.2,11.9,37.6,7.3,2.9,10.2,0.204,7.6,1.4,8.9,6.6
2022-2023,OG Anunoby,25,TOR,67,67,2386,14.6,0.586,0.415,0.189,4.2,12.1,7.9,8,2.7,2,12.1,19.5,1.8,2.9,4.7,0.094,-0.3,0.7,0.4,1.5
2022-2023,Keegan Murray,22,SAC,80,78,2382,12.3,0.597,0.641,0.104,4.3,13.4,8.9,5.5,1.2,1.5,6.8,15.8,2.6,1.7,4.3,0.087,0.4,-1,-0.6,0.8
2022-2023,Kentavious Caldwell-Pope,29,DEN,76,76,2381,11.5,0.598,0.505,0.198,1.7,8.1,5,9.8,2.3,1.3,11.1,14.1,2,2.5,4.5,0.091,-1.6,0.6,-1,0.6
2022-2023,P.J. Washington,24,CHO,73,73,2380,12.9,0.542,0.438,0.178,3.2,13,8,11,1.3,2.9,9.4,20.6,0.4,2.2,2.6,0.052,-1,-0.3,-1.3,0.4
2022-2023,Jalen Brunson,26,NYK,68,68,2379,21.2,0.597,0.269,0.328,1.8,9.3,5.6,28.7,1.3,0.6,9.4,27.2,6.9,1.8,8.7,0.175,4.4,-0.5,3.9,3.5
2022-2023,Brook Lopez,34,MIL,78,78,2373,18.4,0.63,0.405,0.211,7.2,15.3,11.4,6.1,0.7,6.7,9.8,19.3,4.1,3.9,8,0.161,0.8,1.3,2.1,2.5
2022-2023,Josh Giddey,20,OKC,76,76,2367,17.1,0.533,0.209,0.13,6.6,20.9,13.6,29.9,1.1,1.2,15.1,24.6,1.3,2.7,4,0.081,1.5,-0.3,1.2,1.9
2022-2023,Reggie Bullock,31,DAL,78,55,2364,7.7,0.577,0.845,0.079,1.6,12.5,7,6.2,1.1,0.5,6.9,10,1.3,1.4,2.8,0.056,-2.3,-0.3,-2.6,-0.4
2022-2023,Immanuel Quickley,23,NYK,81,21,2344,16.3,0.578,0.485,0.265,2.7,13.1,7.9,17.4,1.7,0.6,8.7,20.9,4.4,2.3,6.7,0.137,1.3,0.4,1.7,2.1
2022-2023,Tyler Herro,23,MIA,67,67,2337,15.3,0.566,0.484,0.164,1.3,17.3,9,19.9,1.1,0.7,11.7,25.6,1.1,2.4,3.5,0.072,1.5,-0.8,0.6,1.6
2022-2023,Patrick Williams,21,CHI,82,65,2323,11.2,0.576,0.409,0.155,3.9,12,8,5.8,1.5,2.9,12.3,15.7,0.5,3,3.5,0.072,-1.7,0.4,-1.3,0.4
2022-2023,Nikola Jokic,27,DEN,69,69,2323,31.5,0.701,0.146,0.406,8.5,31.3,20.2,46.6,1.8,1.8,17,27.2,11.2,3.8,14.9,0.308,8.5,4.5,13,8.8
2022-2023,Derrick White,28,BOS,82,70,2319,15.4,0.604,0.516,0.253,2.5,11.2,6.9,19.4,1.1,2.8,10.1,17.7,4.4,3.1,7.4,0.154,1.1,1.3,2.4,2.6
2022-2023,Jaden Ivey,20,DET,74,73,2304,12.1,0.528,0.356,0.362,3.4,10.7,6.9,26.2,1.3,0.7,17.2,25.4,-0.9,0.8,0,-0.001,-1.4,-1.9,-3.3,-0.7
2022-2023,D'Angelo Russell,26,MIN,54,54,1778,16.1,0.604,0.521,0.23,1.8,8.5,5.2,27,1.6,1,15.5,22.8,2.3,1.5,3.8,0.103,1.9,-0.7,1.2,1.4
2022-2023,D'Angelo Russell,26,LAL,17,17,526,17.1,0.61,0.502,0.222,1.5,8.5,5.1,28.8,0.9,1.3,13.9,22.6,0.9,0.4,1.3,0.118,3.1,-0.7,2.4,0.6
2022-2023,Draymond Green,32,GSW,73,73,2297,12.2,0.592,0.276,0.228,3.2,21.6,12.6,27.8,1.5,2.3,28.1,13.2,1.6,3.1,4.7,0.098,-1.8,2.6,0.8,1.6
2022-2023,KJ Martin,22,HOU,82,49,2292,15.4,0.635,0.3,0.308,6,15.8,10.8,8.1,0.9,1.3,10,16.4,4.2,0.7,4.9,0.103,0.6,-1.3,-0.7,0.7
2022-2023,Joel Embiid,28,PHI,66,66,2284,31.4,0.655,0.151,0.581,5.9,28.3,17.3,22.9,1.4,4.6,11.9,37,8.4,3.9,12.3,0.259,6.8,2.3,9.2,6.4
2022-2023,Bruce Brown,26,DEN,80,31,2280,13.3,0.571,0.343,0.206,3.3,13,8.3,15.7,1.9,2,13.2,17.8,1.7,2.6,4.3,0.09,-1.1,0.6,-0.5,0.9
2022-2023,Klay Thompson,32,GSW,69,69,2279,14.7,0.576,0.584,0.105,1.9,11.7,6.9,11,1,1.1,8.6,26.4,1.2,1.9,3.1,0.066,1.5,-1.7,-0.3,1
2022-2023,Jalen Williams,21,OKC,75,62,2276,15.6,0.601,0.258,0.241,3.9,12.2,7.9,15.4,2.1,1.4,12.3,18.4,3,2.6,5.6,0.119,-0.4,0.7,0.3,1.3
2022-2023,Lauri Markkanen,25,UTA,66,66,2273,22.1,0.64,0.446,0.348,6.3,20.7,13.6,8.6,0.9,1.4,8.8,26.6,6.3,1.9,8.2,0.173,4.9,-1,3.8,3.3
2022-2023,Max Strus,26,MIA,80,33,2272,10.8,0.557,0.713,0.113,2.4,11.2,6.7,11.2,0.9,0.5,7.8,17.6,1.5,1.9,3.4,0.071,-0.8,-0.9,-1.7,0.2
2022-2023,Luguentz Dort,23,OKC,74,73,2272,11.3,0.513,0.468,0.297,5.9,10.4,8.1,9.2,1.6,0.9,8.5,19.8,0.9,2.1,2.9,0.062,-2,-1,-3,-0.6
2022-2023,Nic Claxton,23,BRK,76,76,2271,20.8,0.691,0.003,0.419,9.3,25.1,17.4,9.3,1.4,7.1,12.1,15.4,5.2,4,9.2,0.195,0.9,2.2,3.1,2.9
2022-2023,Jerami Grant,28,POR,63,63,2246,16,0.606,0.393,0.375,2.7,11.9,7.2,10.3,1.1,2.1,9.8,22.8,3.1,1,4.1,0.087,1.2,-1.4,-0.2,1
2022-2023,Kyrie Irving,30,BRK,40,40,1478,21.6,0.604,0.425,0.219,3,12.3,7.8,24.1,1.4,1.9,9.2,29.7,2.9,1.4,4.3,0.14,4.6,-0.8,3.8,2.2
2022-2023,Kyrie Irving,30,DAL,20,20,763,24,0.634,0.385,0.245,3.2,12.2,7.6,27.8,1.6,1.4,8,27.4,2.5,0.6,3.1,0.198,5.3,-0.4,4.9,1.3
2022-2023,Kyle Kuzma,27,WAS,64,64,2239,14.3,0.544,0.421,0.208,2.8,19.5,11.5,16.5,0.8,1.1,13.2,27.9,-1,1.9,0.9,0.019,-0.2,-1.5,-1.7,0.2
2022-2023,Caris LeVert,28,CLE,74,30,2237,12.4,0.546,0.437,0.243,2.8,12.1,7.4,18,1.6,1,12.4,18.7,1.4,3.1,4.4,0.095,-1,0.8,-0.2,1
2022-2023,Bennedict Mathurin,20,IND,78,17,2222,13.1,0.566,0.326,0.477,4.4,11.5,7.9,7.6,1,0.5,11.7,24.6,1,0.8,1.8,0.038,-1.2,-2.5,-3.7,-1
2022-2023,Terry Rozier,28,CHO,63,63,2221,14.7,0.517,0.425,0.185,2.4,10.2,6.2,22.7,1.6,0.6,9.4,26.9,0.1,1.6,1.7,0.037,0.6,-1.1,-0.6,0.8
2022-2023,Jarrett Allen,24,CLE,68,68,2220,19.9,0.67,0.016,0.353,11.7,23.6,17.7,7.5,1.2,3.5,11.4,16.4,5.5,4,9.5,0.205,1.3,1,2.4,2.4
2022-2023,Dillon Brooks,27,MEM,73,73,2214,9.4,0.494,0.443,0.155,2.2,9.5,5.8,11.7,1.4,0.7,8.9,21.8,-0.8,2.4,1.6,0.034,-3.4,-0.5,-3.9,-1.1
2022-2023,Kevin Huerter,24,SAC,75,75,2203,15.2,0.617,0.589,0.151,2.2,10.8,6.5,14.1,1.7,1,9.5,19.9,3.3,1.7,4.9,0.107,1.4,-0.3,1,1.7
2022-2023,Jrue Holiday,32,MIL,67,65,2183,19.2,0.586,0.402,0.173,3.9,12,8.1,34.4,1.7,0.9,15.2,25,3.9,2.8,6.7,0.148,3,0.1,3.1,2.8
2022-2023,Alperen Sengun,20,HOU,75,72,2171,19.7,0.599,0.071,0.36,12.1,22.3,17.1,21,1.6,3.2,17.3,21.4,3.4,1.8,5.2,0.115,1.1,0.4,1.4,1.9
2022-2023,Anfernee Simons,23,POR,62,62,2171,14.8,0.581,0.538,0.171,0.9,7.6,4.3,18.6,0.9,0.6,10.2,25.1,2.1,0.3,2.5,0.054,1.3,-2.5,-1.1,0.5
2022-2023,Ivica Zubac,25,LAC,76,76,2170,16.7,0.661,0.004,0.463,12.3,26.5,19.5,5.1,0.7,4,15.9,14.8,3.8,2.9,6.7,0.149,-1.1,0.2,-0.9,0.6
2022-2023,Killian Hayes,21,DET,76,56,2154,10.2,0.455,0.351,0.137,1.4,10.2,5.7,32.3,2.3,1.1,16.7,20.5,-1.9,1.4,-0.5,-0.012,-3.3,-0.5,-3.8,-1
2022-2023,Tim Hardaway Jr.,30,DAL,71,45,2152,12.1,0.554,0.649,0.195,1.1,12.6,6.8,9,1.1,0.5,6.1,20.6,1,1.3,2.3,0.051,-0.3,-1.5,-1.8,0.1
2022-2023,De'Anthony Melton,24,PHI,77,58,2150,12.7,0.566,0.619,0.134,3.9,13.1,8.6,12.9,2.9,1.8,12.9,16.4,1.1,3.1,4.2,0.095,-0.7,1.6,0.9,1.6
2022-2023,Rudy Gobert,30,MIN,70,70,2148,18.9,0.675,0.005,0.623,12.2,29.8,21.2,5.6,1.2,3.9,14.9,16.3,4.3,3.5,7.8,0.174,0,0.7,0.7,1.4
2022-2023,Jimmy Butler,33,MIA,64,64,2138,27.6,0.647,0.116,0.625,7.5,13.3,10.3,27.1,2.7,1,8.2,25.6,9.4,2.9,12.3,0.277,6.7,2,8.7,5.8
2022-2023,James Harden,33,PHI,58,58,2135,21.6,0.607,0.496,0.429,2.3,17.1,9.8,43.3,1.6,1.4,16.3,25,5.8,2.6,8.4,0.188,5.1,0.3,5.4,4
2022-2023,Jamal Murray,25,DEN,65,65,2133,18,0.571,0.415,0.207,2.7,11,6.9,27.5,1.5,0.7,11.3,26.1,3.3,1.9,5.1,0.116,2.6,-1.3,1.3,1.8
2022-2023,John Collins,25,ATL,71,71,2130,13.6,0.593,0.339,0.252,3.9,20,11.9,5.3,0.9,2.9,9.1,17.1,2.1,2.1,4.2,0.095,-1.4,0.2,-1.3,0.4
2022-2023,Saddiq Bey,23,DET,52,30,1500,14.3,0.552,0.483,0.345,4.2,13.9,8.9,8.5,1.6,0.7,7.2,21.3,1.5,0.8,2.3,0.074,0.5,-1.1,-0.7,0.5
2022-2023,Saddiq Bey,23,ATL,25,7,629,15.2,0.599,0.543,0.126,6.7,14.3,10.4,7.2,1.5,0.1,6.5,17.4,1.1,0.5,1.6,0.119,1.7,-1.2,0.5,0.4
2022-2023,De'Andre Hunter,25,ATL,67,67,2126,11.5,0.563,0.348,0.252,2.3,12.4,7.3,6,0.8,0.7,8.2,19.7,1.4,1.2,2.5,0.057,-1.9,-1.4,-3.3,-0.7
2022-2023,Russell Westbrook,34,LAL,52,3,1491,15.3,0.496,0.292,0.326,4.4,18.2,11.5,38.5,1.7,1.3,18.1,28.8,-1.2,1.9,0.7,0.023,-0.2,0.1,-0.1,0.7
2022-2023,Russell Westbrook,34,LAC,21,21,635,17.8,0.562,0.279,0.29,5.4,12.6,9,38.9,1.8,1.4,19.4,25.2,0.6,0.7,1.2,0.092,1.6,-0.8,0.8,0.5
2022-2023,Quentin Grimes,22,NYK,71,66,2121,11.7,0.619,0.676,0.163,2.5,9.4,5.9,9.7,1.1,1.2,9.7,14.4,3.2,1.6,4.8,0.108,-0.3,0.1,-0.1,1
2022-2023,Kristaps Porzingis,27,WAS,65,65,2120,23.1,0.627,0.35,0.409,6.2,21.8,14.3,12.9,1.3,4,10.2,27.4,5,2.7,7.7,0.174,3.8,0.5,4.3,3.4
2022-2023,Gary Trent Jr.,24,TOR,66,44,2118,15,0.56,0.481,0.219,1.5,8.2,4.6,7.4,2.4,0.6,5.1,21.7,2.5,2,4.5,0.102,0.2,0,0.2,1.2
2022-2023,Damian Lillard,32,POR,58,58,2107,26.7,0.645,0.547,0.464,2.4,12.8,7.6,35,1.2,0.8,11.7,33.8,8.2,0.8,9,0.205,8.3,-1.2,7.1,4.9
2022-2023,Ayo Dosunmu,23,CHI,80,51,2098,10.2,0.567,0.332,0.144,2.5,9.3,5.9,13.2,1.4,1.2,14,14.9,0.7,2.2,2.9,0.067,-3,0.6,-2.5,-0.2
2022-2023,Corey Kispert,23,WAS,74,45,2093,11.5,0.657,0.656,0.15,1.8,8.9,5.5,5.7,0.7,0.4,8.1,14.1,2.9,0.9,3.8,0.088,-0.1,-1.4,-1.5,0.2
2022-2023,Malik Beasley,26,UTA,55,13,1472,11.5,0.535,0.704,0.066,2,12.3,7.2,9,1.4,0.5,8,21.2,0.3,1,1.2,0.04,-0.4,-1.2,-1.6,0.2
2022-2023,Malik Beasley,26,LAL,26,14,621,9.7,0.521,0.698,0.078,1.4,13,7.4,7,1.6,0.1,9.8,20.9,-0.5,0.6,0.2,0.012,-2.3,-0.6,-2.9,-0.1
2022-2023,Caleb Martin,27,MIA,71,49,2077,11.4,0.571,0.431,0.206,4.8,15,9.7,8.2,1.7,1.5,11.5,14.4,1.2,2.5,3.7,0.086,-1.8,0.5,-1.2,0.4
2022-2023,Andrew Nembhard,23,IND,75,63,2073,10,0.528,0.408,0.096,1.9,8.8,5.3,22.4,1.6,0.5,15.8,16.1,0.4,0.8,1.2,0.029,-2.4,-0.8,-3.2,-0.6
2022-2023,Keldon Johnson,23,SAS,63,63,2063,15.3,0.551,0.366,0.294,2.9,14.4,8.4,13.7,1.1,0.4,9.6,27.9,0.7,0.5,1.3,0.03,0.7,-2.5,-1.8,0.1
2022-2023,Aaron Gordon,27,DEN,68,68,2055,19.5,0.617,0.227,0.413,9.4,15.4,12.5,14.2,1.3,2.2,9.8,21.1,4.6,2.2,6.8,0.158,2.4,-0.3,2.1,2.1
2022-2023,Mason Plumlee,32,CHO,56,56,1597,20,0.673,0,0.646,12.2,24.1,18.1,18.7,1,1.9,14.6,15.7,4.3,1.8,6.1,0.183,1.5,0.9,2.4,1.8
2022-2023,Grant Williams,24,BOS,79,23,2045,10.3,0.605,0.611,0.256,4.7,14.5,9.7,8.4,1,1.3,13.4,13.1,1.9,2.6,4.4,0.104,-1.8,0.7,-1.1,0.5
2022-2023,Deandre Ayton,24,PHO,67,67,2035,19.9,0.617,0.027,0.225,9.2,27.5,18.1,9.2,0.9,2.3,11,22.9,3.3,3,6.2,0.147,0.9,0,0.9,1.5
2022-2023,Mike Conley,35,UTA,43,42,1276,13.9,0.552,0.568,0.256,1.5,7.5,4.5,34,1.6,0.7,15.1,16.1,2.2,0.8,3,0.113,0.7,-0.5,0.2,0.7
2022-2023,Mike Conley,35,MIN,24,24,753,16.1,0.631,0.587,0.311,2.4,8.6,5.6,21.5,1.8,0.5,9.8,16.8,1.8,0.7,2.5,0.158,1.5,0.6,2,0.7
2022-2023,Giannis Antetokounmpo,28,MIL,63,63,2024,29,0.605,0.134,0.604,7.3,30,19.1,33.2,1.2,2.1,13.2,38.8,4.9,3.7,8.6,0.204,5.8,2.7,8.5,5.4
2022-2023,Kevin Porter Jr.,22,HOU,59,59,2024,16.2,0.565,0.436,0.299,4.1,13.1,8.5,25.7,2,0.8,15.8,24.3,1.9,1,2.9,0.068,1.4,-0.8,0.6,1.3
2022-2023,Deni Avdija,22,WAS,76,40,2020,11.2,0.535,0.401,0.285,4.2,21.9,13.4,13.9,1.6,1.2,15.9,16.7,0,2.3,2.3,0.054,-2.8,0.5,-2.3,-0.1
2022-2023,Tyrese Maxey,22,PHI,60,41,2016,17,0.605,0.404,0.233,1.4,8.8,5.2,16.9,1.2,0.4,7.4,24.1,3.7,1.6,5.4,0.128,1.9,-1.2,0.6,1.3
2022-2023,Dorian Finney-Smith,29,DAL,40,40,1288,10,0.557,0.7,0.129,6,11.1,8.5,6.3,1.5,1.4,9.9,12.8,0.8,0.9,1.7,0.065,-0.9,-0.2,-1.1,0.3
2022-2023,Dorian Finney-Smith,29,BRK,26,26,721,7.7,0.466,0.634,0.099,7.5,12.3,10,7.4,1.2,1.9,11.5,13.9,-0.3,0.7,0.4,0.027,-3.3,-0.4,-3.7,-0.3
2022-2023,Jordan Clarkson,30,UTA,61,61,1988,14.7,0.558,0.445,0.238,4,9.3,6.7,20.9,0.8,0.6,14,27.8,0.9,0.8,1.7,0.042,1,-2.4,-1.4,0.3
2022-2023,Dennis Schroder,29,LAL,66,50,1986,11.5,0.545,0.346,0.388,1.2,7.5,4.4,20.1,1.2,0.4,12.8,18.6,1.3,1.5,2.8,0.068,-2.4,-0.5,-2.9,-0.4
2022-2023,Tre Jones,23,SAS,68,65,1984,16,0.534,0.213,0.231,3,10.8,6.7,31.5,2.1,0.4,11.8,19.3,2.6,0.8,3.4,0.082,-0.2,-0.8,-1,0.5
2022-2023,Grayson Allen,27,MIL,72,70,1972,12.3,0.612,0.657,0.226,3.4,9,6.3,10.9,1.5,0.6,10.5,14.6,2.8,2.2,5.1,0.123,-0.6,0.7,0.1,1
2022-2023,Jonas Valanciunas,30,NOP,79,79,1968,19.3,0.61,0.134,0.275,13,33.3,23.1,11.1,0.5,2.5,14.8,23.4,2.8,3,5.8,0.142,0,-0.4,-0.4,0.8
2022-2023,Eric Gordon,34,HOU,47,47,1418,11.4,0.572,0.513,0.282,0.9,6.7,3.8,13.8,1,1.2,13.4,18.1,1,0.1,1.1,0.037,-0.9,-1.7,-2.6,-0.2
2022-2023,Eric Gordon,34,LAC,22,11,547,13.1,0.629,0.634,0.217,0.8,6.7,3.8,12.2,1.2,1.3,9.9,17,0.8,0.4,1.2,0.105,0.5,-0.5,0,0.3
2022-2023,Kevon Looney,26,GSW,82,70,1958,17.8,0.639,0.003,0.404,15.7,26.8,21.4,13.8,1.3,2.2,9.1,10.6,5.9,2.8,8.7,0.212,0.9,1.3,2.1,2
2022-2023,Kyle Anderson,29,MIN,69,46,1957,14.8,0.583,0.212,0.275,3.8,16.9,10.5,22.6,1.9,2.8,15.7,14.4,2.5,2.6,5.1,0.125,0.2,2.3,2.5,2.2
2022-2023,Marcus Smart,28,BOS,61,61,1957,12.1,0.538,0.568,0.196,2.6,8,5.3,26.4,2.3,1,17.9,17.8,1,2.7,3.7,0.092,-1.8,0.8,-1,0.5
2022-2023,LeBron James,38,LAL,55,54,1954,23.9,0.583,0.309,0.268,3.7,20.8,12.5,33.5,1.2,1.4,11.6,33.3,3.2,2.4,5.6,0.138,5.5,0.6,6.1,4
2022-2023,Herbert Jones,24,NOP,66,66,1951,12.1,0.567,0.333,0.321,5.6,10,7.8,11.1,2.6,2.1,13.3,14.5,1.5,2.7,4.2,0.104,-1.9,1.7,-0.3,0.8
2022-2023,Torrey Craig,32,PHO,79,60,1948,11.6,0.566,0.506,0.09,8.1,16.3,12.1,7.9,1.3,2.9,12.3,13,1.5,2.5,4,0.098,-1.3,0.7,-0.6,0.7
2022-2023,Ja Morant,23,MEM,61,59,1948,23.3,0.557,0.247,0.409,3.3,16.1,9.7,41.1,1.6,0.7,12.6,34.9,3.4,2.6,6,0.148,5.2,0.5,5.7,3.8
2022-2023,Kelly Olynyk,31,UTA,68,68,1942,14.4,0.643,0.424,0.417,4.6,18.6,11.7,17.6,1.5,1.6,20.3,17.8,2.4,1.9,4.3,0.106,-0.4,0.9,0.4,1.2
2022-2023,Stephen Curry,34,GSW,56,56,1941,24.1,0.656,0.564,0.248,2.3,16.8,9.7,30,1.3,0.9,12.5,31,5.8,2,7.8,0.192,7.5,0.1,7.5,4.7
2022-2023,Tyus Jones,26,MEM,80,22,1940,16,0.546,0.459,0.141,1.5,9.4,5.5,28.8,2,0.3,8.9,17.7,3.4,2.3,5.7,0.141,1.2,0.3,1.6,1.7
2022-2023,Paul George,32,LAC,56,56,1939,19.6,0.588,0.424,0.293,2.6,17,9.9,24.2,2.1,0.9,13.4,29.5,2.3,2.3,4.6,0.114,2.4,0.3,2.8,2.3
2022-2023,Al Horford,36,BOS,63,63,1922,13.8,0.631,0.678,0.044,4.2,17.7,11.1,13.2,0.8,2.7,7,11.9,3.6,2.7,6.3,0.157,1.6,1.7,3.3,2.5
2022-2023,P.J. Tucker,37,PHI,75,75,1920,5.7,0.566,0.622,0.102,5.9,12.1,9.1,3.9,1,0.7,15.8,6.5,0.9,1.7,2.5,0.064,-3.2,0.2,-3,-0.5
2022-2023,Jalen McDaniels,25,CHO,56,21,1494,11.6,0.551,0.409,0.211,3.1,16.5,9.6,10.5,2.1,1.7,12.9,17.5,0.1,1.7,1.8,0.057,-2.7,0.7,-2,0
2022-2023,Jakob Poeltl,27,SAS,46,46,1199,19.7,0.625,0.003,0.332,13.3,25,18.9,17,1.4,3.6,17.8,18.6,1.8,1.1,2.9,0.115,0.5,0.4,0.9,0.9
2022-2023,Jakob Poeltl,27,TOR,26,25,707,23.1,0.652,0,0.313,12.5,26.4,19,12.1,2.1,4.7,10,17.5,1.9,1.2,3.1,0.209,2.2,1.5,3.6,1
2022-2023,Anthony Davis,29,LAL,56,54,1904,27.8,0.627,0.077,0.462,11.3,27.6,19.7,13,1.5,5.1,9.5,28.4,5.5,3.4,9,0.226,4.6,1.7,6.3,4
2022-2023,Donte DiVincenzo,26,GSW,72,36,1894,12.8,0.593,0.7,0.131,4.7,14,9.4,17.3,2.4,0.5,16.4,15.1,1.9,2.3,4.2,0.106,-0.6,1.3,0.7,1.3
2022-2023,Bojan Bogdanovic,33,DET,59,59,1893,17.4,0.627,0.4,0.344,2,11.3,6.5,13.6,0.9,0.4,11.7,25.9,3.1,0.4,3.5,0.09,2.6,-1.8,0.8,1.4
2022-2023,Chris Paul,37,PHO,59,59,1889,17.7,0.555,0.391,0.24,1.6,13.4,7.4,38.7,2.4,1,13.4,19.2,3.7,2.5,6.2,0.156,2,1.2,3.2,2.5
2022-2023,Tyrese Haliburton,22,IND,56,56,1883,23.6,0.624,0.478,0.239,1.9,10.1,6,47.6,2.3,1.1,13.2,23.8,6.4,1.2,7.6,0.195,7,0.2,7.2,4.4
2022-2023,Jarred Vanderbilt,23,UTA,52,41,1254,16,0.607,0.183,0.328,10.6,24.5,17.6,15.3,2,1,16,14.1,2.1,1.6,3.6,0.139,0,1.5,1.5,1.1
2022-2023,Jarred Vanderbilt,23,LAL,26,24,625,13.2,0.598,0.236,0.264,8.7,20.6,14.8,8.8,2.3,0.8,15.7,12.5,0.6,0.9,1.5,0.118,-1.7,1.9,0.2,0.4
2022-2023,Terance Mann,26,LAC,81,36,1872,13.4,0.619,0.378,0.225,4.7,11.8,8.3,14,1.1,1,12.2,15.3,2.8,1.5,4.3,0.111,-0.3,0.1,-0.2,0.8
2022-2023,Troy Brown Jr.,23,LAL,76,45,1860,9.6,0.561,0.604,0.084,3.7,13.7,8.9,6.6,1.5,0.7,9.2,12.1,1,2,2.9,0.075,-1.8,0.8,-1,0.5
2022-2023,Onyeka Okongwu,22,ATL,80,18,1849,19.4,0.678,0.026,0.394,12.7,21.5,17,5.8,1.4,4.9,12.2,15.1,4.7,2.4,7.1,0.185,0,0.8,0.8,1.3
2022-2023,Austin Reaves,24,LAL,64,22,1843,14.9,0.687,0.441,0.541,2,9,5.6,15.7,0.8,0.9,14,16.2,4.1,1.4,5.4,0.142,0.6,0.1,0.7,1.2
2022-2023,Desmond Bane,24,MEM,58,58,1841,19.1,0.606,0.433,0.218,2.5,14.3,8.4,20.8,1.4,1.1,10.9,26.1,3.5,2.3,5.8,0.151,3.3,0.1,3.5,2.5
2022-2023,Devin Booker,26,PHO,53,53,1835,22,0.601,0.296,0.336,2.7,12,7.2,27.3,1.4,0.9,10.6,31.8,4.2,1.9,6,0.157,4.5,-0.3,4.2,2.9
2022-2023,Marcus Morris,33,LAC,65,65,1825,10.5,0.534,0.479,0.135,1.8,13.9,7.9,8.9,1.1,1,7.6,17.6,0.4,1.6,2,0.053,-1.8,-0.2,-1.9,0
2022-2023,Myles Turner,26,IND,62,62,1825,20,0.651,0.34,0.377,5.4,22.9,14.2,7.5,0.9,6.6,10.8,22,3.4,2,5.4,0.142,1.4,0.7,2.1,1.9
2022-2023,Bobby Portis,27,MIL,70,22,1818,17.8,0.575,0.32,0.156,9.2,28.6,19.3,8.7,0.8,0.7,8.6,21.7,2.5,2.8,5.3,0.139,1.2,-0.6,0.7,1.2
2022-2023,Aaron Nesmith,23,IND,73,60,1816,10.5,0.566,0.532,0.241,3.8,13.1,8.5,7.4,1.4,1.6,10.3,16.8,0.9,1.1,2,0.052,-2.3,-0.7,-3,-0.4
2022-2023,Patrick Beverley,34,LAL,45,45,1211,8.3,0.548,0.656,0.207,2.2,9.9,6.2,12.1,1.6,1.7,13.8,10.6,0.5,1.3,1.8,0.071,-3.2,1.4,-1.8,0.1
2022-2023,Patrick Beverley,34,CHI,22,22,605,10.1,0.506,0.681,0.126,3.8,16,10,15.7,1.9,2.6,12.5,10.5,0.3,0.9,1.2,0.096,-2.4,2.2,-0.2,0.3
2022-2023,Jevon Carter,27,MIL,81,39,1810,10.9,0.56,0.596,0.067,2.1,9.3,5.8,14.5,1.7,1.3,11.8,15.3,1.2,2.3,3.5,0.092,-1.9,1.2,-0.6,0.6
2022-2023,Michael Porter Jr.,24,DEN,62,62,1798,16.8,0.621,0.556,0.147,4.2,17.2,10.9,5.3,1,1.4,7.3,22.7,2.6,1.8,4.3,0.116,2,-1.8,0.2,1
2022-2023,Naji Marshall,25,NOP,77,21,1792,11.4,0.539,0.382,0.306,3,14.6,8.8,14.4,1.5,0.7,13,17.8,0.5,2,2.5,0.068,-1.9,0,-1.9,0.1
2022-2023,Jaren Jackson Jr.,23,MEM,63,63,1787,21.6,0.613,0.343,0.372,6.4,18.8,12.6,5,1.7,9.6,10.1,24.7,2.8,3.8,6.6,0.177,0.7,2,2.8,2.2
2022-2023,Shaedon Sharpe,19,POR,80,15,1779,11.5,0.568,0.437,0.162,4,11.3,7.6,7.9,1,1.2,10.7,19,0.6,0.6,1.2,0.032,-1.3,-2,-3.3,-0.6
2022-2023,Markelle Fultz,24,ORL,60,60,1778,16.6,0.564,0.128,0.211,4.4,10.5,7.4,29.8,2.4,1.4,15.8,21.3,1.7,2,3.7,0.1,-0.1,0.7,0.5,1.2
2022-2023,Tari Eason,21,HOU,82,5,1767,15.2,0.525,0.261,0.22,12,18.9,15.4,7.4,2.6,2.6,12.2,19.3,0.9,1.7,2.6,0.07,-1.3,-0.4,-1.7,0.1
2022-2023,Gabe Vincent,26,MIA,68,34,1759,9,0.533,0.617,0.138,1.7,8.1,4.8,13.9,1.8,0.3,13.3,17.5,-0.3,1.7,1.4,0.038,-3.1,-0.3,-3.4,-0.6
2022-2023,Kawhi Leonard,31,LAC,52,50,1748,23.9,0.623,0.287,0.32,3.7,17.8,10.8,19.6,2,1.4,8.1,27,4.9,2.2,7.1,0.194,5.1,0.9,6.1,3.5
2022-2023,Malcolm Brogdon,30,BOS,67,0,1744,18.2,0.615,0.406,0.251,2.7,14.7,8.8,21.5,1.3,0.9,10.8,22.8,3.6,2.2,5.8,0.161,2.3,0.6,2.8,2.1
2022-2023,Christian Wood,27,DAL,67,17,1738,20.6,0.624,0.363,0.365,5.8,27.4,16.4,11.7,0.9,3.7,11.9,26.4,2.7,2.1,4.8,0.132,1.9,-0.3,1.7,1.6
2022-2023,Coby White,22,CHI,74,2,1730,12.5,0.572,0.579,0.118,1.1,12.6,6.9,16.3,1.5,0.3,10.6,17.9,1.2,1.9,3.1,0.087,-1,0.2,-0.8,0.5
2022-2023,Clint Capela,28,ATL,65,63,1730,22.1,0.656,0.002,0.244,16.1,29.4,22.7,4.7,1.2,3.9,8.3,15.7,4.9,2.4,7.2,0.201,2.3,-0.1,2.2,1.8
2022-2023,Malik Monk,24,SAC,77,0,1719,16.6,0.587,0.5,0.26,2.1,11.3,6.7,25,1.4,1,14.1,25.8,2.1,1.2,3.2,0.091,1.6,-1.4,0.3,1
2022-2023,Kyle Lowry,36,MIA,55,44,1718,12.6,0.565,0.639,0.278,2.8,12.9,7.7,23.4,1.7,1.2,15.9,16.7,1.5,1.9,3.4,0.096,-0.7,0.8,0.2,0.9
2022-2023,Nicolas Batum,34,LAC,78,19,1709,11,0.594,0.832,0.126,4.1,15.4,9.8,9.4,1.5,2.3,11.1,11.5,1.7,1.9,3.6,0.101,-0.8,1.2,0.5,1
2022-2023,Walker Kessler,21,UTA,74,40,1703,21.5,0.702,0.007,0.384,14.9,24.4,19.7,5.7,0.7,8.6,10.7,13.3,4.6,2.5,7.1,0.2,1.4,1.5,2.9,2.1
2022-2023,Monte Morris,27,WAS,62,61,1695,15,0.579,0.396,0.15,1.8,11.6,6.9,26.4,1.2,0.6,9.9,15.6,3.1,1.1,4.2,0.12,0.8,-0.4,0.5,1.1
2022-2023,Wendell Carter Jr.,23,ORL,57,54,1690,17.3,0.621,0.367,0.318,8,25.3,16.6,12,0.9,1.9,13.2,20.5,2.6,2,4.6,0.13,0.9,0.1,1,1.3
2022-2023,Santi Aldama,22,MEM,77,20,1682,13.9,0.591,0.507,0.274,5.4,18,11.7,7.6,1.3,2.6,9.3,16,2.1,2.4,4.6,0.13,-0.3,0.8,0.5,1.1
2022-2023,Bradley Beal,29,WAS,50,50,1673,19.7,0.593,0.249,0.26,2.8,9.9,6.5,26.6,1.3,1.7,12.9,29.2,2.2,1.2,3.4,0.099,2.9,-1.2,1.8,1.6
2022-2023,Kevin Durant,34,BRK,39,39,1403,26.2,0.673,0.257,0.39,1.1,19.4,10.5,25.9,1.1,3.5,13.7,31.5,3.9,1.7,5.7,0.194,5.8,1.2,7,3.2
2022-2023,Jalen Duren,19,DET,67,31,1670,17.3,0.655,0.005,0.394,14.7,25.1,19.7,6.8,1.3,3.1,16.5,14.3,2.9,1.6,4.5,0.129,-0.4,-0.4,-0.8,0.5
2022-2023,Reggie Jackson,32,LAC,52,38,1338,10.3,0.523,0.43,0.129,1.9,7.8,4.9,19.8,1.4,0.3,15.1,20.8,-0.4,1,0.6,0.02,-2.6,-1,-3.7,-0.6
2022-2023,Isaac Okoro,22,CLE,76,46,1652,10.7,0.614,0.483,0.291,3.7,9.6,6.7,7,1.7,1.7,9.5,11.9,1.9,2.3,4.2,0.122,-1.9,1.6,-0.3,0.7
2022-2023,Isaiah Hartenstein,24,NYK,82,8,1626,14.2,0.567,0.113,0.217,14.1,22.2,18.1,8.3,1.6,3.7,15.6,11.2,2.2,2.4,4.6,0.136,-1.5,1.2,-0.3,0.7
2022-2023,Daniel Gafford,24,WAS,78,47,1604,19.7,0.739,0,0.473,11.7,18,15,7.5,1,5.2,15.1,15.2,4.2,1.9,6.1,0.184,0.4,0.6,1,1.2
2022-2023,Mitchell Robinson,24,NYK,59,58,1591,18.9,0.652,0,0.436,18.4,20,19.2,4.5,1.7,6.5,10.9,10.1,4,2.6,6.5,0.197,1,1.4,2.4,1.7
2022-2023,Drew Eubanks,25,POR,78,28,1584,16.2,0.666,0.054,0.374,9.5,20.9,15.2,9.2,1.2,5.7,14.7,12.5,2.9,1.6,4.4,0.134,-0.9,0.9,0.1,0.8
2022-2023,Gordon Hayward,32,CHO,50,50,1577,13.5,0.563,0.275,0.274,2.2,12.6,7.3,19.3,1.3,0.7,13.2,20,0.8,1.1,2,0.059,-1.1,-0.3,-1.4,0.2
2022-2023,Alex Caruso,28,CHI,67,36,1575,11.5,0.588,0.528,0.255,3.1,10.9,7.1,15.4,3,2.8,19.5,11.1,1,2.6,3.6,0.109,-2.2,3.3,1.1,1.2
2022-2023,Shake Milton,26,PHI,76,11,1567,12.7,0.575,0.294,0.231,3,11.3,7.2,22.3,0.8,0.8,14.5,18.5,1.6,1.2,2.9,0.087,-1,-0.9,-2,0
2022-2023,Norman Powell,29,LAC,60,8,1567,17.1,0.612,0.404,0.39,1.7,10.7,6.3,11,1.6,1,10.8,26,2.1,1.4,3.5,0.107,0.9,-0.7,0.3,0.9
2022-2023,Cole Anthony,22,ORL,60,4,1552,16,0.57,0.338,0.279,3.4,17.6,10.5,22.9,1.2,1.9,11.7,21.5,2.1,1.7,3.7,0.116,0.7,0.5,1.3,1.3
2022-2023,Malaki Branham,19,SAS,66,32,1550,9.5,0.524,0.417,0.115,1.9,11.2,6.4,11.4,1,0.4,10.6,19.1,-0.4,0.2,-0.1,-0.004,-3,-2.1,-5.2,-1.3
2022-2023,Cedi Osman,27,CLE,77,2,1548,12,0.579,0.589,0.204,1.9,11.5,6.7,10.6,1.1,0.7,8.3,18.2,1.4,1.9,3.3,0.103,-0.8,0.2,-0.7,0.5
2022-2023,Kelly Oubre Jr.,27,CHO,48,40,1548,14.8,0.534,0.414,0.254,4.4,12.9,8.6,5.6,2.1,1,6.6,26.5,0.1,1.5,1.7,0.051,-0.4,-0.7,-1.1,0.3
2022-2023,Josh Green,22,DAL,60,21,1539,11.2,0.645,0.442,0.246,4.1,9.7,6.9,9.7,1.4,0.3,14.5,14.6,1.7,0.9,2.6,0.082,-1.9,-0.6,-2.4,-0.2
2022-2023,Brandon Ingram,25,NOP,45,45,1538,19.2,0.582,0.196,0.326,1.7,16.4,9.1,28.1,1,1.2,13.4,30.8,1.8,1.7,3.5,0.108,2.2,-0.4,1.7,1.5
2022-2023,Josh Richardson,29,SAS,42,6,997,13.6,0.556,0.51,0.148,3.2,10.1,6.5,19.3,1.9,0.9,12.7,20.5,0.6,0.4,1,0.047,-0.1,-1,-1.1,0.2
2022-2023,Josh Richardson,29,NOP,23,4,533,9.9,0.55,0.581,0.142,2.3,9.6,6,9.2,2.6,1.6,12.8,14.5,0.1,0.7,0.8,0.071,-2.9,1.5,-1.3,0.1
2022-2023,Joe Harris,31,BRK,74,33,1527,10.6,0.621,0.757,0.064,1.7,10.1,6,9.1,1.1,0.7,8.3,14.3,1.5,1.1,2.6,0.083,-0.6,-0.6,-1.1,0.3
2022-2023,T.J. McConnell,30,IND,75,6,1526,16.8,0.59,0.113,0.131,3.3,13.7,8.5,37.9,2.5,0.6,20.6,19.1,1.9,1.2,3.1,0.098,0.4,0.1,0.5,1
2022-2023,Chris Boucher,30,TOR,76,0,1523,18,0.59,0.357,0.318,10.9,21.2,15.7,2.7,1.5,4.1,6.4,18,3,2,5,0.156,0.7,-0.8,-0.1,0.7
2022-2023,Georges Niang,29,PHI,78,1,1512,10.9,0.61,0.765,0.09,1.5,12.8,7.2,7.3,1,0.9,9.4,17,1.1,1.4,2.5,0.078,-0.4,-1,-1.4,0.2
2022-2023,Bogdan Bogdanovic,30,ATL,54,9,1508,14.2,0.586,0.589,0.126,1.6,10.4,6,13.4,1.4,1,9.2,19.8,1.8,1,2.8,0.088,1.1,-0.7,0.5,0.9
2022-2023,Damion Lee,30,PHO,74,5,1506,10.7,0.607,0.546,0.23,2.8,14,8.3,8.9,1,0.4,13.5,16.3,1.1,1.4,2.6,0.081,-1.3,-0.4,-1.7,0.1
2022-2023,Bol Bol,23,ORL,70,33,1505,14.4,0.603,0.236,0.226,5.2,25.3,15.2,6.9,1,5.5,17.6,18.2,0,2.2,2.3,0.072,-1.8,0.9,-0.9,0.4
2022-2023,John Konchar,26,MEM,72,23,1494,10.8,0.542,0.553,0.113,4.5,17.4,11,8.2,2.4,1.5,9.9,10.4,1,2.5,3.5,0.111,-1.9,2.4,0.5,0.9
2022-2023,Rui Hachimura,24,WAS,30,0,728,13.6,0.558,0.275,0.179,3,16,9.8,7.3,0.7,1.4,9.3,23,0,0.5,0.6,0.038,-1.2,-1.4,-2.6,-0.1
2022-2023,Rui Hachimura,24,LAL,33,9,738,12.7,0.553,0.273,0.235,5.1,17,11.2,4.4,0.5,1.6,5.6,17.4,0.5,0.7,1.2,0.081,-1.4,-0.5,-1.9,0
2022-2023,Dwight Powell,31,DAL,76,64,1458,15.5,0.738,0.019,0.625,11.8,13.3,12.5,6.9,1.6,1.6,15.9,12.6,3.8,1.3,5.1,0.168,-1.2,0,-1.2,0.3
2022-2023,Jeremy Sochan,19,SAS,56,53,1458,11.4,0.509,0.243,0.21,6.9,15.6,11,13.6,1.4,1.3,13.9,19.8,-0.5,0.7,0.2,0.005,-2.8,-1.2,-4,-0.7
2022-2023,Keita Bates-Diop,27,SAS,67,42,1452,14.9,0.609,0.305,0.323,4.7,14.3,9.3,9.8,1.5,1.1,9.5,16.7,2.1,0.6,2.7,0.089,0.3,-0.9,-0.6,0.5
2022-2023,Davion Mitchell,24,SAC,80,9,1447,9.4,0.545,0.494,0.078,1.3,7,4.1,16.5,1.5,0.9,13.1,14.1,0.7,0.8,1.5,0.05,-2.4,-0.4,-2.8,-0.3
2022-2023,Pat Connaughton,30,MIL,61,33,1443,10,0.531,0.765,0.097,3.8,16.2,10.2,6.9,1.2,0.6,7,13.8,0.7,1.8,2.5,0.085,-1.3,0.3,-1,0.3
2022-2023,Zach Collins,25,SAS,63,26,1441,16.4,0.599,0.268,0.259,8.5,22.5,15.2,18,1.2,2.8,17.4,21.2,1.2,1,2.2,0.074,-0.5,0.3,-0.2,0.6
2022-2023,Isaiah Stewart,21,DET,50,47,1414,13.1,0.56,0.465,0.338,8.7,23.3,15.8,7.3,0.7,2.1,11.8,17.3,1.1,0.9,2,0.068,-1,-1.1,-2.1,0
2022-2023,AJ Griffin,19,ATL,72,12,1401,12.6,0.577,0.486,0.088,2.9,9.2,6,7,1.4,0.7,7.1,17.9,1.3,0.9,2.2,0.075,-0.3,-0.5,-0.8,0.4
2022-2023,Isaiah Joe,23,OKC,73,10,1395,14.5,0.626,0.776,0.197,2,11.6,6.7,8.7,1.6,0.5,6.6,17.7,2.5,1.3,3.8,0.131,1.3,-0.4,0.9,1
2022-2023,Jonathan Kuminga,20,GSW,67,16,1394,13.3,0.597,0.294,0.278,5.6,12.5,9.1,12.7,1.4,2,14.6,19.6,1,1.4,2.4,0.084,-1.7,-0.1,-1.7,0.1
2022-2023,Jusuf Nurkic,28,POR,52,52,1391,17.3,0.589,0.236,0.38,9.3,29.7,19.5,16.4,1.5,2.8,16.8,22.1,1.2,1.5,2.7,0.092,-0.6,0.7,0.1,0.7
2022-2023,Dennis Smith Jr.,25,CHO,54,15,1390,11.6,0.475,0.246,0.235,2,11,6.4,26.1,2.6,1.6,14.1,17.6,-0.4,1.5,1.1,0.039,-3.5,1.2,-2.2,-0.1
2022-2023,Larry Nance Jr.,30,NOP,65,1,1381,16,0.649,0.138,0.259,8.7,20.3,14.5,11.7,2,2.6,11,11.9,2.8,2.1,4.9,0.171,0,2,2,1.4
2022-2023,Josh Okogie,24,PHO,72,26,1350,13.3,0.531,0.476,0.464,8.8,11.9,10.3,10.3,2,2.3,11.2,17.7,1.1,1.7,2.8,0.101,-0.8,0.5,-0.2,0.6
2022-2023,Devonte' Graham,27,NOP,53,0,811,11.8,0.545,0.823,0.255,1.7,8.4,5,18.7,1.8,1.2,9.5,15,0.9,0.9,1.8,0.105,-0.4,0.6,0.2,0.4
2022-2023,Devonte' Graham,27,SAS,20,8,527,13.6,0.559,0.74,0.36,1.4,9.3,5.2,20.4,1.3,0.9,10.1,20.2,0.6,0.1,0.8,0.069,1,-1.4,-0.4,0.2
2022-2023,Terrence Ross,31,ORL,42,9,944,8.6,0.543,0.535,0.067,1.2,9,5.1,8.1,1.3,0.8,10.7,15.7,-0.1,0.7,0.6,0.032,-2.7,-0.4,-3.1,-0.3
2022-2023,Luke Kennard,26,LAC,35,11,725,10.5,0.623,0.626,0.095,0.9,11.8,6.4,7.1,1.3,0.5,12,15,0.5,0.6,1.1,0.07,-1.4,0,-1.4,0.1
2022-2023,Luke Kennard,26,MEM,24,3,590,16,0.758,0.801,0.111,1.6,11.8,6.7,12.1,1,0.2,8.2,13.7,1.7,0.6,2.3,0.189,3,-0.2,2.9,0.7
2022-2023,Doug McDermott,31,SAS,64,0,1314,11.1,0.59,0.57,0.134,1.8,10,5.8,9.8,0.5,0.4,9.5,19.2,1,0,1,0.035,-0.7,-2.5,-3.2,-0.4
2022-2023,Talen Horton-Tucker,22,UTA,65,20,1313,13.7,0.508,0.331,0.274,3.4,13.7,8.6,27.4,1.5,1.9,15.5,25.9,-0.3,1.1,0.8,0.029,-1.1,-0.5,-1.6,0.2
2022-2023,Jose Alvarado,24,NOP,61,10,1310,11.8,0.525,0.505,0.164,2.4,9.8,6.1,19.9,2.5,0.7,13.4,19.8,0.1,1.7,1.8,0.066,-2,0.7,-1.2,0.3
2022-2023,Aaron Wiggins,24,OKC,70,14,1297,12.2,0.607,0.336,0.196,5.5,12,8.7,8.3,1.4,1.1,12.2,14.5,1.4,1.2,2.6,0.097,-1.5,-0.5,-2.1,0
2022-2023,Lonnie Walker IV,24,LAL,56,32,1297,12.2,0.57,0.472,0.201,1.2,7.6,4.5,7,1.1,1.1,7.4,20.2,0.8,1,1.8,0.066,-0.9,-0.5,-1.4,0.2
2022-2023,Sam Hauser,25,BOS,80,8,1290,12.7,0.634,0.846,0.043,3,14.1,8.6,7.6,1.1,1.4,6.9,14.7,1.8,1.6,3.4,0.128,0.6,0.4,1,1
2022-2023,Jalen Smith,22,IND,68,31,1279,15.9,0.565,0.376,0.27,11.2,22.9,17.1,7.6,0.8,4,11.2,21,1.1,1.1,2.3,0.085,-0.9,-1.1,-2.1,0
2022-2023,LaMelo Ball,21,CHO,36,36,1268,17.9,0.541,0.531,0.169,3.5,16.2,9.7,38.7,1.7,0.8,14.3,30,0.6,1.2,1.8,0.068,3.2,-0.8,2.4,1.4
2022-2023,David Roddy,21,MEM,70,4,1258,8.8,0.519,0.505,0.155,4.2,12,8.1,6.1,1.1,1.4,11.3,16.7,-0.3,1.4,1.1,0.043,-3.2,-0.7,-3.9,-0.6
2022-2023,Jaylen Nowell,23,MIN,65,2,1252,13.7,0.527,0.371,0.158,3.3,11.7,7.6,15.9,1.6,0.3,8.9,25,0,1.2,1.2,0.046,-1.5,-1,-2.5,-0.2
2022-2023,Naz Reid,23,MIN,68,11,1251,18.5,0.617,0.376,0.22,6.6,22.8,14.9,9.6,1.6,3.7,12.7,24.8,1.1,1.9,3,0.114,0.3,0.8,1,1
2022-2023,Trey Lyles,27,SAC,74,0,1247,14.2,0.607,0.588,0.304,6.3,21.1,13.7,7,1,2.2,12.2,18.1,1.4,1.2,2.6,0.098,0,-0.9,-1,0.3
2022-2023,Jalen Suggs,21,ORL,53,19,1246,12.5,0.528,0.455,0.268,5,9.6,7.3,18,2.6,2.1,15.9,20.3,-0.2,1.5,1.4,0.053,-1.8,0.8,-1,0.3
2022-2023,Kevin Love,34,CLE,41,3,821,13.6,0.555,0.684,0.221,6,34.2,20.1,12.8,0.4,0.8,13.1,19.6,0.5,1.4,1.9,0.112,0.8,0.6,1.4,0.7
2022-2023,Cory Joseph,31,DET,62,2,1227,12.1,0.558,0.513,0.205,1.8,7.9,4.8,25.4,1.3,0.6,12.8,15.2,1.5,0.3,1.8,0.07,-0.7,-0.8,-1.5,0.2
2022-2023,Delon Wright,30,WAS,50,14,1221,16.3,0.581,0.409,0.206,5.5,10.7,8.2,20.9,3.7,1.2,12.2,12.9,2.1,1.6,3.7,0.146,0.4,3.1,3.4,1.7
2022-2023,Nick Richards,25,CHO,65,9,1217,18.3,0.676,0.003,0.585,12.6,24,18.2,4.5,0.4,5.1,13,15.6,2.7,1.5,4.2,0.165,-1,-0.2,-1.3,0.2
2022-2023,Seth Curry,32,BRK,61,7,1211,12.3,0.593,0.517,0.122,1.2,7.9,4.6,11.9,1.5,0.5,9.7,19.2,0.9,0.9,1.8,0.07,-1.2,-0.9,-2.1,0
2022-2023,Ochai Agbaji,22,UTA,59,22,1209,9.5,0.561,0.591,0.179,3.9,6.9,5.4,7.5,0.6,1,9,15.8,0.9,0.4,1.3,0.053,-1.7,-1.4,-3,-0.3
2022-2023,Kenrich Williams,28,OKC,53,10,1206,14.4,0.585,0.387,0.113,8.5,14.9,11.6,11.7,1.8,1.1,8.1,13.7,2,1.3,3.3,0.133,0.1,0.4,0.5,0.8
2022-2023,Matisse Thybulle,25,PHI,49,6,591,10,0.536,0.543,0.103,4.1,8.5,6.3,5.1,3.8,2.2,6.2,9.8,0.3,0.9,1.3,0.102,-3.2,3.3,0.1,0.3
2022-2023,Matisse Thybulle,25,POR,22,22,609,11,0.566,0.62,0.117,3.7,10.8,7.3,6.6,3,2.6,10,11.4,0.3,0.6,0.9,0.07,-2.2,1.1,-1.2,0.1
2022-2023,Isaiah Livers,24,DET,52,22,1199,8.4,0.567,0.705,0.135,2.5,11,6.6,4.8,1.1,2.1,9,11.9,0.5,0.5,1,0.041,-2.1,-0.3,-2.4,-0.1
2022-2023,Cameron Johnson,26,BRK,25,25,770,16.9,0.61,0.518,0.289,3,14.3,8.8,10,2.2,0.9,7.4,21.1,1.2,0.9,2.1,0.131,1.4,0.6,2,0.8
2022-2023,Anthony Lamb,25,GSW,62,4,1195,10.9,0.61,0.634,0.191,5.3,14.4,9.9,10.5,1.1,1.5,13.7,13.8,1.2,1.2,2.4,0.096,-1.6,0.4,-1.1,0.3
2022-2023,Taurean Prince,28,MIN,54,4,1192,10,0.597,0.512,0.203,1.4,10.8,6.2,9.6,1.1,1.1,14.3,17.3,0.3,1,1.3,0.052,-2.6,-0.6,-3.3,-0.4
2022-2023,Andrew Wiggins,27,GSW,37,37,1190,14.7,0.564,0.425,0.136,5.7,11.3,8.6,10.5,1.8,2.1,7.9,21.5,1,1.3,2.3,0.091,-0.1,-0.4,-0.5,0.5
2022-2023,Jordan Nwora,24,MIL,38,3,597,10,0.53,0.518,0.218,5.3,14.8,10.2,8.4,1,1,13.6,17.6,0,0.7,0.7,0.057,-2,-0.4,-2.4,0
2022-2023,Jordan Nwora,24,IND,24,11,591,14.4,0.586,0.44,0.173,4.1,16.9,10.5,12.6,1,1,10.7,21.2,0.5,0.3,0.8,0.064,0.4,-2.2,-1.8,0
2022-2023,Gary Harris,28,ORL,48,42,1184,10.5,0.62,0.71,0.098,2,7.4,4.7,6.9,1.8,1,8,12.6,1.3,1.1,2.3,0.095,-1.4,0.7,-0.7,0.4
2022-2023,Tre Mann,21,OKC,67,5,1183,10,0.492,0.513,0.11,2.4,11.8,7,14,1.6,0.9,10.6,20.7,-0.6,1.1,0.5,0.021,-3,-1,-3.9,-0.6
2022-2023,Trendon Watford,22,POR,62,12,1182,13.6,0.625,0.198,0.31,4.1,19.2,11.6,16,1.3,0.9,16.2,16.1,1.3,0.7,2.1,0.084,-1.4,-0.4,-1.8,0.1
2022-2023,Christian Braun,21,DEN,76,6,1181,10.3,0.568,0.332,0.221,4.8,12.6,8.8,6.4,1.7,1.3,9.9,13,0.7,1.2,1.9,0.079,-2.5,0.1,-2.4,-0.1
2022-2023,Xavier Tillman Sr.,24,MEM,61,29,1180,17.3,0.621,0.049,0.291,10.9,16.7,13.8,10.9,2.3,2.2,11.3,13.7,2.3,1.9,4.2,0.171,0.3,1.7,1.9,1.2
2022-2023,Devin Vassell,22,SAS,38,32,1178,15.5,0.55,0.447,0.168,0.7,13.5,6.9,17.3,1.7,1.2,8.2,24.4,0.7,0.5,1.2,0.051,1.3,-0.9,0.4,0.7
2022-2023,Collin Sexton,24,UTA,48,15,1145,15.9,0.616,0.261,0.425,3.5,6.3,5,17.9,1.1,0.4,13.3,23.4,2,0.5,2.5,0.105,0.1,-1.5,-1.3,0.2
2022-2023,Precious Achiuwa,23,TOR,55,12,1140,15.2,0.554,0.267,0.307,9.3,24.4,16.3,6.3,1.3,2.6,11.4,19.4,0.8,1.4,2.2,0.093,-1.4,-0.8,-2.3,-0.1
2022-2023,Steven Adams,29,MEM,42,42,1133,17.5,0.564,0.004,0.49,20.1,25.3,22.7,11.2,1.5,3.7,19.8,14.6,1.3,2.1,3.4,0.144,-0.3,0.9,0.6,0.7
2022-2023,Alec Burks,31,DET,51,8,1122,16.5,0.602,0.521,0.41,1.8,14.2,7.8,15.9,1.6,0.6,9.7,22.8,1.9,0.6,2.5,0.109,1.8,-0.5,1.2,0.9
2022-2023,Lamar Stevens,25,CLE,62,25,1120,9.5,0.524,0.33,0.198,5,16.7,10.9,4,1.2,1.6,7.9,13.6,0.3,1.6,1.9,0.08,-3,0.2,-2.8,-0.2
2022-2023,Moritz Wagner,25,ORL,57,18,1109,17.4,0.63,0.412,0.46,7,19.4,13.2,11.5,1.6,1.1,12.5,21.1,2.1,1.3,3.4,0.149,0.4,0.2,0.6,0.7
2022-2023,Jordan Goodwin,24,WAS,62,7,1106,14.8,0.531,0.334,0.195,6,14.3,10.3,20.8,2.6,2,12.9,17.3,0.9,1.3,2.2,0.097,-0.7,1.4,0.7,0.8
2022-2023,Victor Oladipo,30,MIA,42,2,1106,10.6,0.513,0.526,0.196,1.6,12.3,6.8,19.8,2.6,1.1,16.6,21.1,-0.9,1.5,0.6,0.024,-2.9,0.8,-2.1,0
2022-2023,Ben Simmons,26,BRK,42,33,1105,13.4,0.559,0.009,0.243,4.2,22.2,13.4,31.3,2.4,1.9,27.2,14.3,0.5,1.7,2.2,0.097,-2.2,2.6,0.4,0.7
2022-2023,Jeff Green,36,DEN,56,4,1091,11,0.576,0.317,0.357,4.1,10.9,7.6,8.3,0.8,1.4,10.8,17,0.8,0.8,1.7,0.074,-2.4,-1,-3.4,-0.4
2022-2023,Brandon Clarke,26,MEM,56,8,1090,20,0.682,0.017,0.393,9,21.2,15.1,9.5,1.5,3.1,11.8,17.7,2.7,1.8,4.5,0.199,0.8,1.8,2.5,1.3
2022-2023,Bones Hyland,22,DEN,42,1,820,14.5,0.54,0.555,0.189,1.4,10.4,6,22,1.7,1.4,12.5,28.5,0.1,0.8,0.9,0.051,0.6,-1.4,-0.8,0.3
2022-2023,Oshae Brissett,24,IND,65,2,1083,10.6,0.52,0.486,0.455,6.4,16,11.2,5.4,1.4,1,8.2,16.1,0.4,0.7,1.1,0.05,-2,-1.2,-3.2,-0.3
2022-2023,Thomas Bryant,25,LAL,41,25,876,21.5,0.712,0.166,0.359,8.5,25.1,17.1,5,0.8,2.2,7.4,18.2,2.7,1.2,3.8,0.211,2.4,-0.1,2.3,0.9
2022-2023,Obi Toppin,24,NYK,67,5,1050,13.6,0.565,0.589,0.112,3,16.6,9.8,9.2,1.1,1.1,8,19.5,1.1,1,2.1,0.095,0.3,-0.8,-0.5,0.4
2022-2023,Joe Ingles,35,MIL,46,0,1044,10.7,0.616,0.819,0.085,1.4,11.1,6.4,18.4,1.5,0.5,17.6,12.6,1.1,1.2,2.3,0.107,-1.6,0.8,-0.7,0.3
2022-2023,Jalen Johnson,21,ATL,70,6,1042,14.1,0.554,0.323,0.242,5.3,24.6,14.8,10.4,1.7,2.8,10.3,16,0.8,1.3,2.1,0.099,-1.2,1.5,0.3,0.6
2022-2023,Isaiah Jackson,21,IND,63,12,1042,17.5,0.595,0.044,0.459,12.1,18,15,7,1.4,7.7,11.8,17.4,1.5,1.2,2.7,0.124,-1.7,0.9,-0.8,0.3
2022-2023,Dyson Daniels,19,NOP,59,11,1042,8.8,0.503,0.413,0.192,3.9,16.5,10.2,16.4,2,1,20.2,11.6,-0.1,1.4,1.3,0.061,-3.4,1.6,-1.8,0
2022-2023,Wenyen Gabriel,25,LAL,68,2,1024,14.4,0.626,0.138,0.323,12.6,17.2,15,4.8,1.2,2.9,13.4,14.1,1.5,1.3,2.8,0.132,-2.3,0.1,-2.2,-0.1
2022-2023,Austin Rivers,30,MIN,52,10,1016,7.4,0.564,0.589,0.187,0.6,8.4,4.6,9.3,1.3,0.3,9.2,10.5,0.5,0.8,1.3,0.061,-3.3,0.5,-2.8,-0.2
2022-2023,Hamidou Diallo,24,DET,56,0,996,15.7,0.593,0.056,0.395,6.2,15.7,10.8,9.2,2.6,1.4,13.9,21.8,0.4,0.9,1.3,0.063,-1.8,0.4,-1.4,0.1
2022-2023,Will Barton,32,WAS,40,0,782,10,0.504,0.484,0.158,1.5,13.8,7.9,16.5,1.1,1.1,12.9,19.4,-0.4,0.6,0.2,0.013,-1.7,-0.9,-2.7,-0.1
2022-2023,Marvin Bagley III,23,DET,42,25,990,17.2,0.587,0.173,0.283,10.2,20.2,15.1,5.9,0.9,2.7,9.7,20.4,1.3,0.7,2,0.095,0.3,-1.2,-0.9,0.3
2022-2023,Cam Reddish,23,POR,20,12,552,10.6,0.563,0.5,0.239,2.3,9.6,5.9,9.6,2.1,1,14.1,17.8,0,0.3,0.3,0.025,-3,-1.4,-4.3,-0.3
2022-2023,Jock Landale,27,PHO,69,4,979,16.4,0.595,0.249,0.312,13.2,18.6,15.8,10.1,0.8,2.7,13.3,19.3,1.5,1.2,2.7,0.132,-0.7,-0.4,-1.1,0.2
2022-2023,Nassir Little,22,POR,54,4,976,10.2,0.555,0.521,0.152,3.2,13.5,8.3,7.3,1,1.8,10,16,0.2,0.4,0.7,0.032,-1.6,-1.4,-3,-0.3
2022-2023,Usman Garuba,20,HOU,75,1,970,12.9,0.569,0.333,0.266,13.4,21.4,17.4,8.8,2.2,2.9,19.2,10.5,0.9,0.9,1.8,0.091,-2,0.6,-1.4,0.2
2022-2023,JT Thor,20,CHO,69,8,969,7,0.506,0.517,0.197,3.9,13,8.4,4.9,1.1,2.1,14.5,13.1,-0.6,0.8,0.2,0.009,-4.3,-0.4,-4.7,-0.7
2022-2023,Haywood Highsmith,26,MIA,54,11,969,8.5,0.517,0.505,0.13,6.7,16.4,11.4,6.2,1.9,1.8,16.5,12.5,-0.3,1.3,0.9,0.046,-3.7,0.7,-3.1,-0.3
2022-2023,Cameron Payne,28,PHO,48,15,968,13.2,0.512,0.408,0.141,1.3,11,6.1,32.6,1.7,0.7,14.4,24.8,0,1,1.1,0.053,-0.5,-0.7,-1.2,0.2
2022-2023,Kendrick Nunn,27,LAL,39,2,528,8.7,0.503,0.502,0.084,1,9.8,5.6,9.3,1,0.5,10.6,23.3,-0.6,0.4,-0.2,-0.021,-3.4,-1.6,-5,-0.4
2022-2023,Karl-Anthony Towns,27,MIN,29,29,957,18.8,0.618,0.383,0.315,5.7,21.6,13.8,22,1,1.5,15,25.6,1.5,1.1,2.7,0.133,2.1,0.9,3,1.2
2022-2023,Zion Williamson,22,NOP,29,29,956,25.2,0.652,0.041,0.529,6.9,17,12,24.4,1.6,1.6,14.6,30.4,2.3,1.2,3.6,0.18,4.8,1,5.8,1.9
2022-2023,Kevin Knox,23,DET,42,1,593,10.3,0.612,0.648,0.184,3.6,17,10.1,3.7,1.1,1.8,14.2,16.2,0.2,0.3,0.5,0.043,-2.1,-0.6,-2.8,-0.1
2022-2023,Cam Thomas,21,BRK,57,4,948,14.7,0.567,0.292,0.382,1,10.1,5.6,12.7,1,0.6,10.6,27.8,0.3,0.7,1,0.049,-0.7,-2,-2.7,-0.2
2022-2023,Mike Muscala,31,OKC,43,5,622,13.8,0.602,0.7,0.192,3.9,19.7,11.6,8.2,0.8,2.8,6,15.7,1,0.7,1.7,0.134,0.3,-0.1,0.1,0.3
2022-2023,Maxi Kleber,31,DAL,37,5,930,8.7,0.592,0.663,0.225,3.7,13.3,8.4,7.5,0.6,2.9,12.7,10.3,0.7,0.6,1.3,0.067,-2.2,0,-2.2,0
2022-2023,Yuta Watanabe,28,BRK,58,1,928,12.1,0.637,0.582,0.203,3.7,13.1,8.5,7,1.3,1.6,8,13.1,1.3,0.9,2.1,0.111,-0.4,-0.2,-0.6,0.3
2022-2023,Ish Wainright,28,PHO,60,2,915,9.2,0.522,0.762,0.137,5.3,11.6,8.4,7.4,2,2.2,8.4,12.2,0.5,1.2,1.7,0.089,-2.7,1.5,-1.2,0.2
2022-2023,Daishen Nix,20,HOU,57,7,914,5.3,0.447,0.591,0.152,2.1,9.7,5.9,19.2,1.6,0.7,25.4,15.4,-1.5,0.3,-1.2,-0.062,-5,-1.5,-6.5,-1
2022-2023,Jaylin Williams,20,OKC,49,36,914,11.2,0.559,0.483,0.231,5.1,23.6,14.1,10.7,1.5,1.2,12.6,13.5,0.7,1.2,1.9,0.099,-2.3,0.6,-1.7,0.1
2022-2023,Chris Duarte,25,IND,46,12,897,8.6,0.496,0.523,0.216,2.4,11.9,7.1,9.7,1.3,0.9,10.1,19,-0.5,0.4,0,-0.003,-2.9,-1.6,-4.5,-0.6
2022-2023,Derrick Jones Jr.,25,CHI,64,0,893,13.8,0.597,0.348,0.365,7.7,11.6,9.7,5.1,1.6,4,8.6,14.5,1.2,1.2,2.4,0.131,-1.2,0.8,-0.4,0.3
2022-2023,Dean Wade,26,CLE,44,13,891,8.5,0.55,0.718,0.13,2.6,17.2,9.9,5.4,1.6,2.2,8.3,10.2,0.4,1.4,1.8,0.097,-2.9,2.1,-0.7,0.3
2022-2023,Vlatko Cancar,25,DEN,60,9,889,11,0.606,0.507,0.181,3.2,13.1,8.3,11.5,1.2,1.4,13.1,13.8,0.9,0.8,1.7,0.093,-1.7,-0.1,-1.8,0
2022-2023,Nickeil Alexander-Walker,24,UTA,36,3,528,13,0.609,0.512,0.229,1.7,10.3,6,19.9,2.2,2.2,19.4,18.4,0.3,0.5,0.8,0.074,-0.6,1.1,0.5,0.3
2022-2023,Bismack Biyombo,30,PHO,61,14,874,14.4,0.555,0,0.34,11,22.1,16.5,8.7,1,9,17.7,14,0.2,1.6,1.9,0.102,-3.4,2.5,-0.9,0.2
2022-2023,Goran Dragic,36,CHI,51,0,787,10.2,0.514,0.428,0.137,1.9,7.9,5,24.7,0.7,0.5,15,21,-0.2,0.6,0.4,0.023,-2.1,-1.6,-3.7,-0.3
2022-2023,James Wiseman,21,DET,24,22,605,15,0.563,0.073,0.241,9.8,26.3,17.8,4.4,0.3,2.9,12,21.7,0.2,0.4,0.6,0.049,-2.5,-1.8,-4.3,-0.4
2022-2023,Theo Maledon,21,CHO,44,7,854,11.6,0.515,0.374,0.291,1.7,13.9,7.7,24.2,2.1,1.2,17.1,17,0,0.9,0.8,0.047,-3,0.5,-2.5,-0.1
2022-2023,Andre Drummond,29,CHI,67,0,849,20.8,0.606,0.011,0.456,18.7,40.2,29.6,5.7,2.6,3.1,18.6,21,0.8,2,2.8,0.159,-1.2,0.5,-0.8,0.3
2022-2023,Aaron Holiday,26,ATL,63,6,845,9.4,0.528,0.4,0.145,3.2,6.4,4.8,13,2.1,1.2,13.3,13.4,0.3,0.6,0.9,0.053,-2.9,0.9,-2,0
2022-2023,Romeo Langford,23,SAS,43,21,844,10.4,0.524,0.236,0.216,7.1,7.7,7.4,7.9,1.3,1.3,9.6,15.4,0.3,0.2,0.5,0.029,-2.6,-1.5,-4.2,-0.5
2022-2023,Terence Davis,25,SAC,64,5,841,12.9,0.563,0.668,0.118,2.7,16.1,9.4,11.1,2.4,1.2,12.2,22.2,0,0.9,0.9,0.054,-1.3,-0.3,-1.5,0.1
2022-2023,George Hill,36,MIL,35,0,668,9.8,0.575,0.561,0.348,2.1,8.1,5.2,16.8,1.4,0.4,15.1,11.3,0.7,0.7,1.4,0.1,-2.8,1.2,-1.7,0
2022-2023,Mark Williams,21,CHO,43,17,828,19.8,0.659,0,0.386,11.7,27.7,19.6,3.3,1.6,4.7,12,17,1.5,1.3,2.8,0.163,-0.5,0.6,0.1,0.4
2022-2023,Robert Williams,25,BOS,35,20,824,19.8,0.742,0.006,0.241,14,24.5,19.3,8.5,1.3,5,15.3,11.8,2.3,1.6,3.8,0.224,1,2.4,3.3,1.1
2022-2023,Wesley Matthews,36,MIL,52,0,820,7,0.519,0.775,0.175,4.5,9.7,7.2,5.1,1.2,1.3,9.5,9.8,0.3,0.9,1.2,0.073,-3.4,0.8,-2.7,-0.1
2022-2023,Moses Moody,20,GSW,63,3,817,10.3,0.603,0.595,0.233,3.8,10.2,7.1,8.2,1,0.8,12,14.6,0.7,0.6,1.3,0.076,-1.7,-0.9,-2.6,-0.1
2022-2023,Rudy Gay,36,UTA,56,0,816,9,0.475,0.453,0.171,4.4,17,10.8,9.4,1.1,1.9,10.7,17.7,-0.4,0.7,0.3,0.018,-3.6,-0.4,-4,-0.4
2022-2023,Ty Jerome,25,GSW,45,2,816,12.8,0.594,0.372,0.169,1,9.4,5.3,22.1,1.3,0.5,10.3,14.9,1.4,0.7,2.1,0.124,-1.1,0.3,-0.8,0.3
2022-2023,Jeremiah Robinson-Earl,22,OKC,43,20,814,13,0.548,0.448,0.169,9.2,14.7,11.9,7,1.4,1.2,6.7,14.6,1.1,0.8,1.9,0.111,-0.8,-0.7,-1.5,0.1
2022-2023,Jericho Sims,24,NYK,52,16,812,13.8,0.78,0.009,0.15,13.3,19.4,16.4,4,0.9,3.2,19.1,7.4,1.6,0.9,2.6,0.153,-1,0.5,-0.5,0.3
2022-2023,Caleb Houstan,20,ORL,51,4,812,6.2,0.508,0.747,0.099,4.7,9.1,6.9,4.9,0.7,0.8,8.7,11,0.1,0.5,0.7,0.039,-3.1,-0.9,-4,-0.4
2022-2023,Danuel House Jr.,29,PHI,56,5,807,9.4,0.6,0.558,0.305,1.3,12.2,6.9,7.5,0.9,1,10.4,13.8,0.6,0.7,1.3,0.075,-2.5,-0.5,-3,-0.2
2022-2023,Landry Shamet,25,PHO,40,9,807,10.9,0.537,0.663,0.17,1.5,7.9,4.6,15.7,1.6,0.6,10,18.9,0.5,0.7,1.2,0.071,-1.1,-0.3,-1.4,0.1
2022-2023,Dario Saric,28,PHO,37,12,533,12.3,0.545,0.388,0.247,7.9,21.9,14.8,14.6,1.2,0.8,15.4,18.7,0.3,0.7,0.9,0.085,-2.3,0.3,-2,0
2022-2023,Luke Kornet,27,BOS,69,0,804,16.7,0.697,0.076,0.229,11.9,14.8,13.4,9.1,0.7,4.9,11.8,11.5,2.1,1.2,3.3,0.198,-0.4,1.3,1,0.6
2022-2023,Christian Koloko,22,TOR,58,19,802,11.4,0.517,0.08,0.393,11.1,13.3,12.1,5,1.3,6.9,10.2,10.4,0.7,1,1.7,0.104,-4.3,0.8,-3.5,-0.3
2022-2023,Khris Middleton,31,MIL,33,19,801,17.4,0.551,0.399,0.251,3.8,14,9.1,30.7,1.4,0.5,13.6,27.4,1,1,1.9,0.117,1,-0.3,0.8,0.6
2022-2023,JaMychal Green,32,GSW,57,1,797,15.5,0.65,0.44,0.266,10.1,18,14.1,8.9,1.5,2.5,15.6,17.5,1.2,1,2.2,0.133,-0.7,0.2,-0.5,0.3
2022-2023,Thaddeus Young,34,TOR,54,9,795,14.1,0.573,0.172,0.131,9.4,14.6,11.8,12.9,3.4,0.6,16.7,13.5,0.7,1.1,1.8,0.109,-1.8,1.9,0.1,0.4
2022-2023,Bryce McGowens,20,CHO,46,7,787,7.2,0.519,0.396,0.396,2.7,10.1,6.3,9.1,0.9,0.7,15.3,15,-0.4,0.4,0.1,0.005,-4.6,-1.4,-6,-0.8
2022-2023,Josh Christopher,21,HOU,64,2,786,11.5,0.523,0.271,0.182,2.8,7.2,5,14.3,2,1.9,14.4,21.9,-0.3,0.3,0,-0.001,-3,-1.4,-4.3,-0.5
2022-2023,Robert Covington,32,LAC,48,0,779,14.2,0.584,0.594,0.175,4.5,19.2,11.9,10.2,2.4,3.7,11.5,15.6,0.7,1.2,1.9,0.117,-0.5,2.1,1.7,0.7
2022-2023,Justise Winslow,26,POR,29,11,776,9.3,0.466,0.227,0.141,7.2,14.3,10.7,17.2,1.9,1.3,17,14.2,-0.1,0.5,0.4,0.022,-3.4,0.6,-2.8,-0.2
2022-2023,Mo Bamba,24,ORL,40,6,681,16.3,0.613,0.505,0.238,7.8,22.8,15.3,9,0.9,5.4,8.5,16.3,1.2,0.9,2.1,0.15,0.4,0.9,1.3,0.6
2022-2023,Simone Fontecchio,27,UTA,52,6,766,8,0.495,0.612,0.141,4.4,7.7,6.1,7.5,0.9,0.9,10.5,20.2,-0.4,0.3,-0.1,-0.004,-3,-2.1,-5.2,-0.6
2022-2023,Miles McBride,22,NYK,64,2,760,8.4,0.475,0.623,0.195,1.9,5.4,3.6,12.4,2.4,1,9.7,14.6,0,0.7,0.7,0.047,-3.6,1.4,-2.3,-0.1
2022-2023,Paul Reed,23,PHI,69,2,755,19.2,0.62,0.029,0.244,17.8,23.1,20.5,5.3,3,6.3,16.3,16.4,1.2,1.6,2.8,0.18,-1.6,1.5,-0.1,0.4
2022-2023,John Wall,32,LAC,34,3,755,13.6,0.498,0.322,0.334,2.1,11.4,6.8,35.3,1.8,1.4,17.1,27,-0.4,0.7,0.3,0.02,-0.8,-0.4,-1.2,0.1
2022-2023,Edmond Sumner,27,BRK,53,12,736,14,0.597,0.323,0.401,2,9.9,6,13.3,2.1,1.2,13.6,22.1,0.6,0.7,1.3,0.086,-2.4,-0.2,-2.6,-0.1
2022-2023,Zeke Nnaji,22,DEN,53,5,728,12.5,0.62,0.332,0.316,10.5,11.2,10.9,3.3,1.1,2.8,12.2,15.2,0.9,0.7,1.6,0.106,-2.7,-0.9,-3.7,-0.3
2022-2023,Jaden Hardy,20,DAL,48,5,708,14.6,0.571,0.468,0.237,1.8,13,7.3,14.9,1.2,0.9,11.1,26.4,0.2,0.5,0.7,0.048,-0.4,-1.9,-2.3,0
2022-2023,MarJon Beauchamp,22,MIL,52,11,701,8.2,0.513,0.584,0.152,5.9,11,8.5,6.7,1.4,0.8,14.8,18.3,-0.4,0.8,0.4,0.027,-4.1,-0.6,-4.8,-0.5
2022-2023,Aleksej Pokusevski,21,OKC,34,25,701,13.4,0.522,0.418,0.141,6.8,17.8,12.2,12.4,1.4,5.7,14,18.3,0,1,1,0.066,-1,1,0,0.3
2022-2023,Malachi Flynn,24,TOR,53,2,691,8.7,0.479,0.55,0.136,2.3,10.8,6.2,13.7,1.5,0.6,8.9,17.4,0,0.5,0.5,0.034,-3.3,-0.8,-4.1,-0.4
2022-2023,Duncan Robinson,28,MIA,42,1,691,7.8,0.534,0.81,0.135,1.3,10.7,5.9,9.7,1,0,10,17.9,-0.1,0.6,0.5,0.035,-3.5,-1.5,-5,-0.5
2022-2023,Chimezie Metu,25,SAC,66,0,689,17.3,0.639,0.174,0.333,7.8,24.9,16.4,8.1,1.5,2.7,11.3,17.6,1.2,0.8,2.1,0.143,-0.3,0.2,-0.1,0.3
2022-2023,Garrison Mathews,26,HOU,45,0,602,9.1,0.564,0.912,0.265,1.8,9.6,5.7,5.1,1.9,0.6,8.7,14.3,0.5,0.2,0.7,0.058,-2.3,-0.2,-2.5,-0.1
2022-2023,Montrezl Harrell,29,PHI,57,7,681,17.6,0.631,0.029,0.483,11.8,15.7,13.8,7.4,1.2,3.4,12.1,18.9,1.3,0.8,2.2,0.153,-0.9,-0.4,-1.3,0.1
2022-2023,Jordan McLaughlin,26,MIN,43,0,678,11.8,0.526,0.538,0.124,2.5,7.6,5.1,27.4,2.2,0.5,17.7,11.7,0.7,0.6,1.3,0.094,-1.3,0.6,-0.7,0.2
2022-2023,Jae'Sean Tate,27,HOU,31,7,677,12.2,0.546,0.201,0.301,6.6,12.6,9.6,18.2,1.5,1,15.3,18.8,0.4,0.3,0.7,0.049,-2.8,-0.7,-3.5,-0.3
2022-2023,Blake Wesley,19,SAS,37,1,669,3.5,0.393,0.242,0.205,1.9,11.7,6.6,18.6,1.8,0.6,21.7,18.5,-1.9,0.3,-1.6,-0.114,-7.9,-1.8,-9.6,-1.3
2022-2023,Payton Pritchard,25,BOS,48,3,643,10.3,0.536,0.629,0.065,4.3,10.5,7.5,14,1.1,0.1,13.7,19.8,-0.1,0.7,0.6,0.045,-2.1,-1.2,-3.4,-0.2
2022-2023,Amir Coffey,25,LAC,50,9,625,7,0.498,0.276,0.434,3.1,6.4,4.7,11.2,0.5,0.7,10.8,13.5,0.1,0.3,0.4,0.033,-4.3,-0.7,-5,-0.5
2022-2023,Anthony Gill,30,WAS,59,8,624,11.1,0.604,0.22,0.508,6.9,10.6,8.8,7.2,0.5,1.6,8.5,12.3,1,0.4,1.3,0.101,-2.4,-0.9,-3.3,-0.2
2022-2023,Jabari Walker,20,POR,56,0,619,9.6,0.496,0.283,0.227,8.8,15.5,12.2,7.8,0.8,1.9,11.8,17.3,-0.1,0.3,0.2,0.015,-3.9,-2.1,-6.1,-0.6
2022-2023,Darius Bazley,22,OKC,36,1,555,12.9,0.525,0.285,0.411,5.5,18.3,11.8,7.6,1.6,4.8,10.5,15.7,0.1,0.8,0.9,0.079,-1.8,0.8,-1,0.1
2022-2023,Juancho Hernangomez,27,TOR,42,10,614,7.6,0.504,0.588,0.14,4.6,19.1,11.3,5.2,1.3,0.9,11,9.4,0.1,0.6,0.7,0.053,-3.5,0.2,-3.3,-0.2
2022-2023,Jaxson Hayes,22,NOP,47,2,610,13.7,0.605,0.186,0.532,7.3,17.3,12.3,7.7,1.6,3,13.9,15.7,0.6,0.9,1.5,0.118,-2.2,1,-1.2,0.1
2022-2023,Frank Ntilikina,24,DAL,47,5,607,5.2,0.461,0.508,0.25,1.3,10.7,5.9,12.8,1.3,1,16.5,13.1,-0.5,0.4,-0.1,-0.01,-6.1,-0.7,-6.7,-0.7
2022-2023,DeAndre Jordan,34,DEN,39,8,586,14.7,0.731,0.009,0.417,10.5,28.6,19.8,7.7,1,3.5,26.1,13.7,0.5,0.9,1.4,0.112,-2.4,0.7,-1.8,0
2022-2023,Blake Griffin,33,BOS,41,16,569,13.1,0.59,0.508,0.246,9.2,20.4,14.9,14.2,1.2,1.4,13.2,12.7,1,0.8,1.8,0.153,-1.4,1.5,0.1,0.3
2022-2023,Ousmane Dieng,19,OKC,39,1,569,9.3,0.505,0.541,0.127,3.5,16.5,9.9,10.7,1.2,1.1,12,15.9,-0.1,0.6,0.4,0.038,-3.1,-0.5,-3.6,-0.2
2022-2023,Kris Dunn,28,UTA,22,3,568,19.1,0.606,0.167,0.245,1.7,17.1,9.5,32.3,2.1,1.5,12.8,20.2,1.3,0.6,1.9,0.162,0.7,1.7,2.4,0.6
2022-2023,Patty Mills,34,BRK,40,2,567,10.6,0.554,0.641,0.144,1.6,7,4.4,13.9,1.3,0.5,11.9,19.7,0,0.4,0.4,0.035,-1.4,-1.7,-3.1,-0.2
2022-2023,Ricky Rubio,32,CLE,33,2,566,10.4,0.442,0.461,0.197,1.9,12.7,7.3,27.1,2.3,1,13.8,17.7,-0.2,0.9,0.7,0.062,-3.8,1.1,-2.8,-0.1
2022-2023,Ziaire Williams,21,MEM,37,4,561,7.4,0.511,0.495,0.112,3,11.9,7.5,8.2,1.2,1,15.2,18,-0.5,0.6,0.1,0.011,-4.7,-0.8,-5.6,-0.5
2022-2023,Day'Ron Sharpe,21,BRK,48,3,552,17.8,0.581,0.064,0.322,20.6,20.1,20.4,9.7,1.3,5,17.7,19,0.8,0.8,1.6,0.139,-1.8,-0.6,-2.3,0
2022-2023,Kai Jones,22,CHO,46,0,550,10.8,0.597,0.158,0.217,7,17,11.9,3.7,1.5,4.7,19.1,12.4,0,0.7,0.7,0.062,-4.8,0.8,-4,-0.3
2022-2023,Lindy Waters III,25,OKC,41,0,531,11.8,0.573,0.91,0.112,3.2,12.2,7.6,7,1.3,1.9,5.1,15.5,0.6,0.5,1.1,0.101,0.5,-0.4,0.1,0.3
2022-2023,Rodney McGruder,31,DET,32,12,524,10.7,0.566,0.638,0.145,4.1,11.8,7.8,7.6,1.5,0.2,6.4,14,0.5,0.2,0.7,0.068,-0.8,-0.7,-1.5,0.1
2022-2023,Chuma Okeke,24,ORL,27,8,518,9.1,0.488,0.705,0.172,5.7,15.3,10.5,9.4,1.8,2.1,11.5,12.3,0,0.6,0.7,0.061,-2.4,0.8,-1.6,0.1
2022-2023,James Bouknight,22,CHO,34,0,515,6.2,0.463,0.565,0.155,1.6,13.5,7.5,11.1,1.3,0.8,13.4,19.5,-0.8,0.4,-0.4,-0.04,-5.4,-1.1,-6.5,-0.6
2022-2023,Max Christie,19,LAL,41,3,512,7.4,0.566,0.585,0.151,1.5,13.8,7.8,5.1,0.8,1.2,10.3,10.4,0.1,0.5,0.6,0.058,-3.2,0,-3.1,-0.1
2022-2023,Charles Bassey,22,SAS,35,2,508,18.8,0.658,0.059,0.274,15.5,26.4,20.7,13.2,1.5,5.4,21.3,15.6,0.8,0.6,1.3,0.123,-0.6,1.3,0.7,0.3
2022-2023,Raul Neto,30,CLE,48,1,505,12.6,0.628,0.382,0.309,2.3,8.4,5.4,21,1.7,0.7,16.1,13.2,0.8,0.6,1.5,0.142,-1.7,1.5,-0.2,0.2